USE ClothetsStore
GO

--STATUS--
INSERT INTO Status
	VALUES('87577063-322E-4901-98D2-FF519341D992', N'Hoạt động'),
		  ('1C55F3C2-D7ED-4B82-8F18-480062D092A1', N'Khoá'), --Ngưng kinh doanh đối với sản phẩm--
		  ('4D4E88D6-3D88-4171-8BA9-6E5C1B101881', N'Sắp về hàng')

--GENDER--
INSERT INTO Gender
	VALUES('45E3CC14-E862-459F-AB58-09FD3FFEA244', N'Nam'),
		  ('18A24DAA-7DD7-4D70-B7CC-D4D76DF56911', N'Nữ'),
		  ('B76A04A5-1EB2-4C0C-94ED-4B029D4804E6', N'Khác')

--ROLE--
INSERT INTO Role
	VALUES('C0DC2772-60BF-4314-B177-2A497943E35D', N'Quản trị viên'),
	      ('EA9D56BD-A06C-4EBB-AD2D-F2AF86824289', N'Nhân viên bán hàng'),
		  ('E1BDF26E-230C-42FE-BC87-084FB7753835', N'Khách hàng')

--Account--
INSERT INTO Account
	VALUES('2A216AB2-93F4-4B27-9D47-5D7E217FE0BB', 'nghieutrung', '8D969EEF6ECAD3C29A3A629280E686CF0C3F5D5A86AFF3CA12020C923ADC6C92', 'C0DC2772-60BF-4314-B177-2A497943E35D', '87577063-322E-4901-98D2-FF519341D992'), --Pass: 123456 / SHA-256--
		  ('4FE9908A-20AA-41B8-ABD7-9BCBDD7572B0', 'trgiathinh', '8D969EEF6ECAD3C29A3A629280E686CF0C3F5D5A86AFF3CA12020C923ADC6C92', 'C0DC2772-60BF-4314-B177-2A497943E35D', '87577063-322E-4901-98D2-FF519341D992'), --Pass: 123456 / SHA-256--
		  ('06C20EC9-185D-4941-A7ED-DE967234002C', 'ngthinho', '8D969EEF6ECAD3C29A3A629280E686CF0C3F5D5A86AFF3CA12020C923ADC6C92', 'C0DC2772-60BF-4314-B177-2A497943E35D', '87577063-322E-4901-98D2-FF519341D992'), --Pass: 123456 / SHA-256--
		  ('ECEF4EE1-7293-4212-8C15-E01DC309E13D', 'pvhieutrung', '8D969EEF6ECAD3C29A3A629280E686CF0C3F5D5A86AFF3CA12020C923ADC6C92', 'C0DC2772-60BF-4314-B177-2A497943E35D', '87577063-322E-4901-98D2-FF519341D992'), --Pass: 123456 / SHA-256--
		  ('8F2CE585-4E6A-43B9-93C3-E70293E7EA7A', 'employee01', '8D969EEF6ECAD3C29A3A629280E686CF0C3F5D5A86AFF3CA12020C923ADC6C92', 'EA9D56BD-A06C-4EBB-AD2D-F2AF86824289', '87577063-322E-4901-98D2-FF519341D992'), --Pass: 123456 / SHA-256--
		  ('34A1142B-DEE0-4061-B2CD-899E2A67A96E', 'employee02', '8D969EEF6ECAD3C29A3A629280E686CF0C3F5D5A86AFF3CA12020C923ADC6C92', 'EA9D56BD-A06C-4EBB-AD2D-F2AF86824289', '87577063-322E-4901-98D2-FF519341D992'), --Pass: 123456 / SHA-256--
		  ('5BFE13BC-D8F6-4F61-BAD9-0A508A0F5CBB', 'employee03', '8D969EEF6ECAD3C29A3A629280E686CF0C3F5D5A86AFF3CA12020C923ADC6C92', 'EA9D56BD-A06C-4EBB-AD2D-F2AF86824289', '87577063-322E-4901-98D2-FF519341D992'), --Pass: 123456 / SHA-256--
		  ('F7089713-3CA9-4045-96FF-AFD0CD3EC9EB', 'customer01', '8D969EEF6ECAD3C29A3A629280E686CF0C3F5D5A86AFF3CA12020C923ADC6C92', 'E1BDF26E-230C-42FE-BC87-084FB7753835', '87577063-322E-4901-98D2-FF519341D992'), --Pass: 123456 / SHA-256--
		  ('A7F8CB19-B6E8-4881-B343-A025D9F0BB52', 'customer02', '8D969EEF6ECAD3C29A3A629280E686CF0C3F5D5A86AFF3CA12020C923ADC6C92', 'E1BDF26E-230C-42FE-BC87-084FB7753835', '87577063-322E-4901-98D2-FF519341D992'), --Pass: 123456 / SHA-256--
		  ('DC8CDAD0-D31A-45A2-8C19-9F9E76D35BAA', 'customer03', '8D969EEF6ECAD3C29A3A629280E686CF0C3F5D5A86AFF3CA12020C923ADC6C92', 'E1BDF26E-230C-42FE-BC87-084FB7753835', '87577063-322E-4901-98D2-FF519341D992') --Pass: 123456 / SHA-256--

--Employee--
INSERT INTO Employee
	VALUES('0EF7BF7D-A37E-41EC-87D2-0254C3AE69E6', N'Hiếu Trung', '0938952641', '45E3CC14-E862-459F-AB58-09FD3FFEA244', '1997/07/27', N'209 Trần Phú P4 Q5', 'trungnguyen.1997270710@gmail.com', '87577063-322E-4901-98D2-FF519341D992', '2A216AB2-93F4-4B27-9D47-5D7E217FE0BB'),
		  ('7834FADE-E963-452E-9DD6-D9A363E4B900', N'Gia Thịnh', '0938426513', '45E3CC14-E862-459F-AB58-09FD3FFEA244', '1997/06/19', N'386 Lê Hồng Phong P1 Q10', 'trangiathinh@gmail.com', '87577063-322E-4901-98D2-FF519341D992', '4FE9908A-20AA-41B8-ABD7-9BCBDD7572B0'),
		  ('C94DDB7E-D3AF-4525-922B-2371544C31BA', N'Thị Nho', '0862543658', '18A24DAA-7DD7-4D70-B7CC-D4D76DF56911', '1997/09/15', N'S322B Quốc lộ 62 P6', 'tnngo.97@gmail.com', '87577063-322E-4901-98D2-FF519341D992', '06C20EC9-185D-4941-A7ED-DE967234002C'),
		  ('6785E776-27F0-4293-89FE-68C2F9CD41F4', N'Hiếu Trung', '0862354169','45E3CC14-E862-459F-AB58-09FD3FFEA244', '1997/01/03', N'92A Tán Kế P3', 'hieu.trung.030197@gmail.com', '87577063-322E-4901-98D2-FF519341D992', 'ECEF4EE1-7293-4212-8C15-E01DC309E13D'),
		  ('19218BB8-CD08-40F5-8876-98E938D3434D', N'Anh Tuấn', '0975326485', '45E3CC14-E862-459F-AB58-09FD3FFEA244', '1998/07/06', N'49 Cách Mạng Tháng Tám P3', 'customer01@gmail.com', '87577063-322E-4901-98D2-FF519341D992', '8F2CE585-4E6A-43B9-93C3-E70293E7EA7A'),
		  ('72DE2BE0-E1BB-4F73-89FE-B8369369A0BA', N'Kiến Vinh', '0973462158', '45E3CC14-E862-459F-AB58-09FD3FFEA244', '1998/09/12', N'440 Trần Văn Đang P10 Q3', 'customer02@gmail.com', '87577063-322E-4901-98D2-FF519341D992', '34A1142B-DEE0-4061-B2CD-899E2A67A96E'),
		  ('2C4C9C60-8DDE-455E-B3B5-A26C57DB5EA8', N'Hà Anh', '0974532648', '18A24DAA-7DD7-4D70-B7CC-D4D76DF56911', '1998/11/24', N'236 Phó Cơ Điều P6 Q11', 'customer03@gmail.com', '87577063-322E-4901-98D2-FF519341D992', '5BFE13BC-D8F6-4F61-BAD9-0A508A0F5CBB')

--Customer--
INSERT INTO Customer
	VALUES('49B36127-7E70-422A-93BF-55C15FBEFC6D', N'Anh Vũ', '0934625795', '45E3CC14-E862-459F-AB58-09FD3FFEA244', '440 Trần Văn Đang P10 Q3', '1997/09/14', 'customer01@gmail.com', 'F7089713-3CA9-4045-96FF-AFD0CD3EC9EB'),
		  ('2D2D8D8B-3987-441A-81F5-D037D79CA0B6', N'Anh Dũng', '0931652346', '45E3CC14-E862-459F-AB58-09FD3FFEA244', '289 Lãnh Binh Thăng P8 Q11', '1998/03/26', 'customer02@gmail.com', 'A7F8CB19-B6E8-4881-B343-A025D9F0BB52'),
		  ('6541B576-F983-47BB-B387-983D909720CD', N'Minh Bảo', '0934851362', '45E3CC14-E862-459F-AB58-09FD3FFEA244', '482 Hồng Bàng P6 Q6', '1999/12/25', 'customer03@gmail.com', 'DC8CDAD0-D31A-45A2-8C19-9F9E76D35BAA')